,x1,x2,x3,class
0,7.304365846380455,2.2386703327861874,10.166708324514342,3.0
1,7.440939051443542,4.362611224029465,13.807599378584023,3.0
2,0.9564296225863955,2.1222151806920233,4.342833912262461,1.0
3,9.959031517192958,2.9185772542348465,8.309950498247836,3.0
4,5.253852692370684,4.76525802573258,9.56196609918729,3.0
5,2.715112945130545,1.8029823058677985,5.57493125098695,1.0
6,7.348662866298954,8.274658009474832,10.77678437254354,3.0
7,4.09931733337655,6.128977227243208,11.702179939743598,3.0
8,-0.2601415033945558,4.448817782419309,8.885917827642437,2.0
9,-0.16935365542301883,5.961916203355245,3.976453064780381,1.0
10,3.877185478496055,4.46688888785879,7.0843952297338415,3.0
11,9.265636006807974,-1.2425325468687651,8.590247824950254,3.0
12,2.652151043098832,4.6999751271101875,4.610424991904312,2.0
13,1.9705191413786314,6.271585913870261,5.467785362816516,2.0
14,0.26281987633574977,5.651068201906119,2.1917939264407984,1.0
15,2.857105929421891,3.5044354997613243,2.480202321165584,4.0
16,3.807555487364958,6.261161555424591,5.989284654403961,2.0
17,-0.2898009067213472,4.391482084804269,5.7840035863224655,2.0
18,8.265795368470876,4.809621350115303,9.068446901716413,3.0
19,0.08890573315768402,4.68605361276235,6.0567891637357585,2.0
20,5.012383620404265,3.427806422817608,2.198487819418155,4.0
21,2.7481065759378756,8.438918952011147,3.375252963731107,4.0
22,0.526618901618211,2.6899761059582543,4.936794743545353,2.0
23,0.35641920562698004,2.219570376244889,4.973070008497388,1.0
24,0.12451125679043062,0.3612656768860496,5.4664566952929095,1.0
25,-1.8636378417322672,9.542278795033553,0.7884001701707868,4.0
26,0.4975272417923029,4.787620674020812,6.676143795063442,2.0
27,1.5222161330220438,1.722776528534645,1.5511754554570962,1.0
28,4.989600861634201,6.724184002813941,2.015176582678559,4.0
29,6.928147966838956,5.554948895625444,13.528197150975984,3.0
30,3.2736853268823896,5.558792806292649,6.70067691285306,2.0
31,0.031711572089067164,4.777552701846893,10.86996798505884,2.0
32,-3.1828850326834255,1.823416645482209,3.0225480076503235,4.0
33,3.4658945517734403,4.314939105303109,4.881334078778978,1.0
34,4.303201350443061,7.2458721994244595,2.7535376507248923,4.0
35,0.47374185003381064,4.982456236657729,3.9897594971863533,2.0
36,2.7076477033226025,3.803176109156742,9.937034440887913,1.0
37,1.2237578629427237,3.7264772426377255,8.774564198141883,2.0
38,-0.16980676906913295,5.648930074444763,5.755094912806942,2.0
39,-0.3497327244473478,3.8676439303411065,8.220397131965228,2.0
40,3.3195935864710484,6.531739084249022,7.358042697996394,2.0
41,6.845416647195838,1.6756448674944913,9.378063519321879,3.0
42,-2.6790682944877626,3.531289482629486,3.9196462966167678,1.0
43,8.318268860604972,4.500397186116131,8.879974842606812,3.0
44,1.9632016944309205,0.08786087581617652,5.936022193198829,1.0
45,1.6221944916912348,4.403102283671483,6.084352217834096,1.0
46,4.245162463040359,3.9378484139005288,6.311899657164689,3.0
47,8.600750323132205,-1.2679470827619026,11.94787219419218,3.0
48,2.5853947361578715,2.5421191286934848,7.089214144903646,2.0
49,0.8490065653164969,5.142753737107295,5.695807045758377,2.0
50,-0.5015598660309482,0.37015269260454153,4.53565216611684,1.0
51,0.4296283132339933,3.3215322003788663,7.9332189141852565,2.0
52,-1.4011504852253203,6.129391571390601,6.5842283801216,2.0
53,-0.9268797147343217,-0.550888453495531,3.6462276981877695,1.0
54,1.8763046353624828,4.707931419075189,7.909131086907223,2.0
55,2.3032796305923293,3.151631589091679,8.194346503685795,3.0
56,1.636650745851636,5.814058760691781,7.298505851039438,2.0
57,5.373636865975889,3.1457073517441154,10.126827883710082,3.0
58,0.7827935588959615,6.028350573618302,3.504975802268796,2.0
59,-0.13979457522887406,4.6710020166498545,3.978995678018669,1.0
60,4.673616725924101,9.93395021128422,1.5077056794171606,4.0
61,6.123031523912797,5.56919468167292,3.976089339977549,4.0
62,5.951808509862822,5.180192231829887,3.460142630613258,4.0
63,6.314657692181939,5.764034258916274,12.869464639163178,3.0
64,0.2404890844309031,5.239346631406829,1.0600827774181674,4.0
65,6.360840845132185,1.1277588275002837,4.431919726430772,3.0
66,-0.1181358026308319,4.397451406868649,5.777951462231336,1.0
67,5.4174398894080875,2.613199768889919,5.090325628104786,3.0
68,0.59779676374095,5.5840631125198605,1.0409658082951103,4.0
69,3.4831652813215204,4.302548948237357,4.047987189246729,4.0
70,0.7206220493234912,5.791721038048815,4.483012569695976,2.0
71,4.159543674520837,5.582484527700565,8.209053099850287,3.0
72,1.8361583826881478,1.0148655439942937,4.501763027688551,1.0
73,-0.3439249396910786,7.514847309065979,2.658610708907819,4.0
74,7.188253554572009,4.5765050911830265,6.124869174174481,3.0
75,10.250483905242486,5.98932961706193,8.838671098282425,3.0
76,2.4839566403337257,6.107451386867831,5.538975080007588,2.0
77,1.832814048666621,4.364481924112605,7.011664649873969,2.0
78,1.4276491128306712,2.867085837698186,4.235517990708203,2.0
79,5.342151865045545,2.642544519925271,6.134496298672508,3.0
80,-2.145510740234306,3.601196838868467,4.037790733798368,2.0
81,6.307540113883924,2.325628205025137,10.784819919047742,3.0
82,1.1983023110703783,4.7865553241445715,5.327780064679578,2.0
83,0.629740424091323,1.9206720741183732,7.740535096950158,1.0
84,0.4793673999315755,3.9799489899489577,5.973783665063713,1.0
85,0.5998706093870263,2.779214233364809,6.116050804974403,1.0
86,-0.9891188536124897,0.7782182616141644,5.481693514072997,1.0
87,5.5402186155195325,0.5143014473567358,8.699397899517,3.0
88,7.723030647399767,0.21590596440889342,-1.0793593609716319,4.0
89,4.4936271306251845,7.66687779504188,2.8334236681204557,4.0
90,2.7408841784901345,5.529147754313114,3.0259652611397976,2.0
91,1.538293327824975,9.746148641839516,0.42068152583232643,4.0
92,2.2455597123261084,5.472539010219896,7.521591517187597,3.0
93,4.729355159142297,9.994998840459289,-1.4023653317949956,4.0
94,3.6674162562603234,4.766675930402146,5.669557740788581,2.0
95,2.37164361095702,3.7783737772109047,6.983601829016074,2.0
96,1.0153613951639442,6.647626234334723,6.682340412656128,2.0
97,5.737813513971002,3.427868532784342,9.942722530771347,3.0
98,3.2825911202118854,4.846403561993385,4.872453884733551,2.0
99,1.4942941367872253,0.7148330079207477,4.476048149605649,1.0
100,3.603138976932402,6.75802966094796,1.0548624310556916,4.0
101,4.397020919723268,-0.21246498311916273,10.318277972625808,3.0
102,9.275657917757238,8.043481231481174,3.261211388362106,4.0
103,1.6811719843224813,10.243367722914117,1.8089933419913482,4.0
104,11.117063575524227,1.3894818888870162,6.253731436857448,3.0
105,6.303381348989621,3.192427676098569,8.329653456687332,3.0
106,4.8995054026744445,1.726920817843639,6.288785107840297,3.0
107,1.178866694250086,10.078324171842981,0.7489177818835748,4.0
108,4.432607812356744,8.992306244944,5.2901024590895425,4.0
109,3.160788174652196,2.914950932496606,7.717536159446316,3.0
110,0.930467966960574,4.728764243554405,1.6420939217079373,4.0
111,6.541164940083668,2.7464064350072412,10.532691153379831,3.0
112,1.6976714195115048,3.200304401583006,4.12506904433481,1.0
113,10.148273426260683,7.312100743868556,5.665425314718308,3.0
114,9.119298756647563,1.2916089847118724,15.557343721879882,3.0
115,4.64472948233654,1.3219800222741551,9.143253157851825,3.0
116,-0.9120362686010828,9.996866834785015,3.0187343184306448,4.0
117,0.8309239699113287,3.151210423789926,7.073676291017489,1.0
118,4.969643604718012,3.4548518261911427,13.779082981238053,3.0
119,-2.53834569747038,2.919170018695141,2.7887702470678866,1.0
120,2.700282648856412,1.9764212141693331,1.7159204264782868,4.0
121,2.1269034976207486,3.5344354320814944,5.587181988086964,1.0
122,5.635325125657497,2.510912847768112,5.654518503432467,3.0
123,6.735342972745486,5.890114041407321,8.905126564822313,3.0
124,3.7619374491854454,4.7781382549858336,10.298532311130547,3.0
125,2.713082373164534,4.340777501328146,7.122196593345297,2.0
126,4.344642296876335,3.5529075271095687,9.993541048582463,3.0
127,5.959145890117698,5.955440852181019,1.739690440930469,4.0
128,2.732574452937937,1.0978426615612613,5.8522460654804265,2.0
129,1.0521258637388886,6.088941162832677,8.103667252615418,2.0
130,-0.9848621705658587,2.865673121733549,6.91437918663021,2.0
131,0.1446265124278191,2.5383762126056673,6.097105549045932,1.0
132,3.018438137358674,1.4970571446049727,4.639250752955602,1.0
133,2.6044706421471213,0.43309134210620237,7.401624398685939,1.0
134,3.376119195193798,4.4688775585456035,10.692466987746652,3.0
135,0.818029158135963,0.9353526541066035,4.2859191164708506,1.0
136,-4.2491316286753085,2.8917118251187337,6.536065028322218,1.0
137,-0.3812949654815805,9.174605072383176,0.301153210849046,4.0
138,6.018569692167367,1.8539251849747551,10.070196053467797,3.0
139,5.633922767688521,13.86729181271993,5.58720241134682,4.0
140,2.4935572979862917,6.449068974988935,4.666063588853611,2.0
141,3.925234737372754,2.1434728887214,5.3840814586037204,1.0
142,0.9265619200648652,3.1432051068151576,8.174918402842865,1.0
143,1.1615672602542575,4.980347605718529,4.0088714211340655,2.0
144,-0.7023818000311555,11.478724673470357,1.2654641547900365,4.0
145,2.3825828792017525,4.617347960553142,4.119937309358475,2.0
146,6.276171484496288,9.343426730687108,8.394599578836836,3.0
147,4.801635447338077,2.547931561449602,11.178438829887064,3.0
148,5.41847916229243,2.768031681987481,8.63269857176799,3.0
149,2.0879421173584647,7.5227133201443825,3.4009756846615575,4.0
150,0.1165236583897733,2.4890781460373614,8.78964571245734,2.0
151,6.10228230348883,0.9528450847654941,5.202732486469155,1.0
152,4.76373649748854,1.1901829116801894,10.720719661150628,3.0
153,7.662328332295691,-3.013728987846849,10.424116208631233,3.0
154,7.327154789347448,7.329259289750199,-0.05703521872577788,4.0
155,5.778066008721472,0.7391523825042827,6.622557512234362,3.0
156,12.238900492678017,8.734945051889984,2.8448626716326433,4.0
157,2.4743747011334047,2.8874122965925695,4.192350934991598,2.0
158,0.5406399301878693,1.0297817641816316,4.911557113636875,1.0
159,0.5536764289070293,2.4683425213708934,5.951534007389506,2.0
160,0.8810357588050767,5.2482026257963525,3.370053871267857,2.0
161,-2.2542783024408504,7.49639432764044,-0.6742799528023595,4.0
162,9.954814586505183,3.82971694813075,8.777844662310832,3.0
163,4.812809243246869,8.677406942726613,14.806780525615219,3.0
164,-2.9606874281272324,7.803781011177941,2.301916539181352,4.0
165,6.5919498623436645,2.1090787676998404,10.524109818973876,3.0
166,1.6406438077474834,2.010423699000364,6.78706712851012,1.0
167,2.2713428534974778,1.1958533065192243,8.050418426756407,3.0
168,5.456415411360779,1.1461307363374167,6.090970374213041,3.0
169,3.5238978851270324,5.038185972579643,8.91758495788787,2.0
170,5.709779818038541,5.209384000257885,1.1827736083412503,4.0
171,2.193502679422516,3.9880228051628537,6.097731988452046,2.0
172,4.560050895543017,4.416791125033383,0.9680830181816151,4.0
173,8.291707621810415,1.219249942682479,8.465340235498344,3.0
174,-1.1027470169146976,2.5481758927343527,6.358464655916142,2.0
175,9.979241851310015,2.3783013666320016,11.294555208918538,3.0
176,2.0990995540857273,6.2456085271522905,1.562066173417578,4.0
177,1.1615392643590616,4.8798239694934376,5.495563541816418,2.0
178,1.7955979217886613,5.349281648037254,2.8932215975061886,2.0
179,6.453360740452983,-2.9337180478076945,8.36279449222132,3.0
180,2.6887529523067792,5.5405969356890505,4.6878063709100175,4.0
181,2.2569414159791044,5.054232349836524,6.1218471010823805,2.0
182,6.199980906370116,5.4363196642821,11.541418860979832,3.0
183,-2.4899184978188433,4.946004708422065,-0.5930743741967288,4.0
184,2.0248588586116605,3.3175102292256518,6.459298929114352,2.0
185,3.15964519063058,1.7877614452481085,11.103165626444227,3.0
186,5.600141710508776,4.323582512020123,12.88447709514313,3.0
187,9.199029703879548,3.7391428927985575,7.6089781499848,3.0
188,3.3413687645645065,0.506474291341235,4.993775974109475,1.0
189,0.783202407294836,10.048602337060954,0.2931536911753494,4.0
190,9.409787641107826,6.464278089381422,9.4232202669528,3.0
191,0.9013813229173455,5.216179440602086,3.9445944778191833,2.0
192,-0.6593726135195761,2.45816073331959,2.2026999840160384,1.0
193,6.102778251679772,3.0612554736737163,10.143816289327617,3.0
194,-0.3116019033470514,3.476043882590549,3.229196927272786,4.0
195,0.3800438163463543,5.095649331207011,3.942187658364647,2.0
196,-0.9364468244843507,5.297134244811089,4.167941397072979,2.0
197,8.394083119448878,3.9241207954335486,8.154796321234256,3.0
198,0.9835349463972796,1.750570946642315,6.434251838723581,1.0
199,1.1591194767618358,4.396681053681687,3.0061561943527986,2.0
200,4.290197150323014,3.9405806253468625,15.110015730587662,3.0
201,8.534262601271248,3.779323511167017,5.55378076467235,3.0
202,3.555077785397644,3.7475849843942726,5.119518740762483,2.0
203,-0.47834440852529725,5.17501377633779,6.709463423332933,2.0
204,6.65260483107069,1.7614310091937038,7.485765959409828,3.0
205,5.448700186871509,3.342345454273675,8.816485948522491,3.0
206,4.231886262333478,-1.3695871153897556,2.6522912770885005,3.0
207,0.489753046365188,5.30551368270305,6.5646876481229,2.0
208,5.46153749676625,4.074501933281905,11.657648561575108,3.0
209,2.9001407526754903,2.1229180750222088,9.329109979241666,3.0
210,2.819660559419627,3.927483709458894,8.438772042436264,3.0
211,6.96397669163709,5.249394385236914,2.7622333043485843,4.0
212,9.712506325505386,5.12891000536145,11.548369462618439,3.0
213,1.2378900995700566,3.439543083116189,5.903598683056885,2.0
214,1.889119482057093,3.2132071469435557,8.156877904368596,1.0
215,2.7088037341509534,0.4927120635715607,5.794601985737751,1.0
216,-1.4636642092565983,-0.817032975097526,6.505074782165799,1.0
217,10.005940367169364,6.596352448196824,2.470202098179531,4.0
218,1.7400735964815501,3.8608677067358457,7.011123576865876,2.0
219,0.9181031583204138,7.100079856411778,7.102755356563504,2.0
220,5.816673676588373,7.2698697808518995,6.076926192057421,4.0
221,2.961427505733564,7.657085400259802,4.116775668948668,4.0
222,6.557809262918336,3.84979107966098,8.590758731065582,3.0
223,4.1308828545623735,5.9724920304916,8.932876774279688,3.0
224,4.5216643284745945,5.197836491214051,9.141384385602294,3.0
225,8.899611630924044,3.2311177942643283,10.0305107605217,3.0
226,-2.1557062751160565,1.7321826470561705,3.6095929389312156,1.0
227,2.5460372985643,4.084598187102667,5.378135610956272,2.0
228,1.4667494037929272,5.244025171768144,6.431605910595835,2.0
229,-1.2603777569683583,9.140939494773994,3.1447548559232725,4.0
230,6.069994313578728,2.621365948656823,6.304241308982791,3.0
231,6.050015910064207,1.510154945200114,10.558039506422412,3.0
232,1.1371745404135085,2.8088650252327954,2.982050364541753,1.0
233,1.0381279741838236,5.442591049674319,6.896579343487324,2.0
234,6.123541551411186,1.5463185033240165,5.297542015002164,4.0
235,4.758257585629953,10.927147232977491,1.355899655225299,4.0
236,-2.7378602449375613,5.519394408991523,5.315130030894402,2.0
237,8.391901043598441,4.633587915579243,4.707956461662505,3.0
238,6.992266593511629,5.39482461403667,9.637230464751074,3.0
239,0.20123248829294627,7.224467092211947,7.617803885345398,2.0
240,3.207943712217074,4.404622725864346,6.724588800250923,2.0
241,-0.23235874696768022,1.4466740922760288,5.951906522734443,1.0
242,0.6673137820757964,3.5784946494966245,6.1726388810382655,2.0
243,7.458149881743827,5.149313703724609,8.836789768159859,3.0
244,-0.09467464498048872,1.2333617234263539,6.934245465636408,1.0
245,9.115572788342984,2.0143109388383484,7.429827758182826,3.0
246,-0.7933303548444657,0.7535168817894311,4.819879057645125,2.0
247,1.2556171221194474,0.9223374088537801,7.5105149363555235,1.0
248,1.6421911599128403,3.0320290279069626,5.142445475655679,1.0
249,6.141725974568502,0.3524319746354019,11.906039958716244,3.0
250,7.261997972739287,2.780361099496319,6.052606196665758,3.0
251,6.276486099610686,10.824970801418589,-0.41862115699066704,4.0
252,6.500245842423229,3.420369666445927,10.835024120024912,3.0
253,-5.216075904332906,11.960156027486832,4.209726299893295,4.0
254,1.6319228885667778,9.612950405347044,1.5551773690637083,4.0
255,7.549748911692771,7.5750432044444755,0.1040635159664105,4.0
256,1.252243637945974,2.484465992956696,6.428058658549619,1.0
257,1.6510998949784574,5.777762958761015,1.1671977844921524,4.0
258,5.4449465891104065,1.8209251706542406,4.2811920669961525,3.0
259,8.853338247243537,2.4098247128236636,6.285718250855869,3.0
260,2.0472821646363575,8.183510072326825,1.4589994437771068,4.0
261,4.886616739558406,2.7389736542846217,10.687923888784761,3.0
262,8.487205193662486,2.9962865243104293,8.131838939292656,3.0
263,5.111718567865974,7.436175949795585,7.720777406501246,3.0
264,1.8006103504841253,5.3854707642089235,4.838664969694556,2.0
265,0.5598555038937654,3.5549013279417307,6.389439978612474,2.0
266,-1.159976796518102,0.5593200501746713,3.4634091991833196,1.0
267,5.4331950415057,3.129522569771227,11.758278649289565,3.0
268,5.351424336124389,6.432255921829265,5.754908957318332,4.0
269,2.987237920685688,1.3241134378861776,5.631119246887301,1.0
270,-0.11943085942426435,2.712679166657028,7.012581149225069,1.0
271,0.7898695127114261,12.233175128881857,0.949148215991706,4.0
272,0.8919701396247228,5.214348770483183,5.758199210101149,2.0
273,1.1484917436321351,0.2194913503439213,4.367471955866435,1.0
274,1.6869805780505223,7.704456271306556,0.9937325582568022,4.0
275,2.3678596263696057,7.788404118736307,3.3015254601398105,4.0
276,3.5211611961651066,5.417728355245017,0.8657995389182116,4.0
277,6.659926194793847,4.383563839603993,10.28299612807259,3.0
278,6.720609942121062,3.788728075606686,7.540958840808811,3.0
279,2.2074255767780118,5.316589761365991,4.7204075553355915,2.0
280,2.777279938583577,2.6862021888446446,3.807291534281929,1.0
281,2.4094982835052345,5.949588056797886,2.6959881450348844,4.0
282,1.0410515032233394,5.614015625335185,1.161120528009148,4.0
283,2.0382410717828456,3.613767302518492,10.76075191445978,3.0
284,-0.038384054462238026,4.392483909490437,6.698259704033921,2.0
285,1.5638476077156824,0.07433237350631439,6.644105471450691,1.0
286,-0.5290018316012142,11.608228792466255,1.9578829711777637,4.0
287,1.3871478552103338,7.262426073845454,3.9232713492712863,2.0
288,5.565387019661834,3.882047605506147,9.358913747813604,3.0
289,9.211535400415478,3.315918431997454,10.192480392212534,3.0
290,8.770757911822649,-0.6185062786660382,7.048471404894071,3.0
291,2.2283682922171515,6.823125449600531,3.3468753509326596,2.0
292,3.245526010065707,2.457844986608123,5.502730453868848,1.0
293,4.660524290706677,4.631874003443359,8.893124465413797,3.0
294,0.9338946903028988,5.2820053275918,4.66550966535299,2.0
295,3.02777317101388,2.7208016329046165,5.81351635303267,1.0
296,7.388078531769685,5.173218412162697,7.660526646872055,3.0
297,0.29695529435038215,4.464571805653065,-2.0749348780008097,4.0
298,0.11154474052655527,7.755190453606771,2.340427504499761,4.0
299,2.6086485757308084,7.346642867707799,3.5086173688789923,4.0
300,8.394323801814393,5.444455463945957,1.7343906015371364,4.0
301,4.37425028216347,6.273703421004004,5.644364170906179,4.0
302,5.096388640298656,0.8975561389993776,14.246339517343927,3.0
303,-0.6711188561395001,8.42014537583687,5.920001386986863,2.0
304,2.5776093124833954,4.035918323490436,11.070560528231121,3.0
305,-1.689241707816047,1.9396512398983394,4.088894123018115,1.0
306,2.0414448894790156,7.115596521541902,4.350487310423524,4.0
307,-0.35465271825456357,5.7892271059055265,2.788757883494903,4.0
308,-2.6330748378076025,8.015204560921138,2.2407137024710484,4.0
309,2.9274418537229265,0.07585165501608127,4.932456376262221,1.0
310,3.0977329696734968,5.1883016142697205,7.111805147381091,2.0
311,6.51307683503364,1.5389073125177601,7.3199340628126865,3.0
312,0.7656648699169037,1.224785661450197,6.1687358153001535,1.0
313,0.1774216634605893,5.123616999206306,3.339562397296537,2.0
314,5.524405989781041,7.241857764482193,1.1402964399193243,4.0
315,0.09272426691319513,6.244130864224023,2.3461241593024114,4.0
316,-3.4390174574700962,7.20828654938052,1.2539007914870441,4.0
317,8.355988299359636,3.1894451241099406,10.61804250653287,3.0
318,8.806355540337055,7.558178405442829,1.2135419683605513,4.0
319,8.927626889643998,0.4844511241623981,6.751577100079595,3.0
320,1.4259907850953057,5.073459517546979,8.917602812932822,2.0
321,-0.7634583221434394,2.3154310667894746,6.233185532157306,1.0
322,7.283114634292717,6.2100097180355345,1.6608221747913507,4.0
323,7.807493298181923,4.024947497370016,3.320073438545344,3.0
324,1.0593845495158951,6.942818859006465,5.881970246721883,2.0
325,0.928045797765174,0.06560163838043298,3.232172465237485,1.0
326,2.3303850058677877,4.682141582383646,5.662244721691194,2.0
327,2.5994342109912516,3.879098338836326,6.371655441955493,2.0
328,8.913855518834167,5.046022536250441,11.966862637047281,3.0
329,1.3341532915376166,3.719763728628903,1.8873690365880789,4.0
330,1.2222221523703436,4.415806176080597,5.428860915768676,2.0
331,1.0074396654412063,2.721973303054072,4.870567624909094,1.0
332,3.436854734901436,8.794736014756976,2.674715570967507,4.0
333,4.777340950914227,1.017533531389423,4.009277477864985,1.0
334,-1.607367565982512,0.05599111878045626,6.314797951266199,1.0
335,-0.34671611658473145,6.682511800356985,5.868531906958969,2.0
336,3.2509053061317355,5.764120551309045,6.718668262996308,2.0
337,6.385980148146904,6.116155795881085,3.381456390577771,4.0
338,0.6213232360019554,4.1860158512023435,3.3810807030648626,2.0
339,1.4782282193840168,2.725752808618732,5.159996719806728,1.0
340,2.9047988994478713,9.565418594090934,1.1336445696111757,4.0
341,6.798245734420005,-2.2803992676381055,6.353434191052926,3.0
342,5.216341778617266,5.402322666165778,6.178701564235343,3.0
343,5.06085339487009,2.43068210969148,14.167265256348536,3.0
344,6.21277141017651,2.18353593742999,8.495490858127726,3.0
345,4.0432050095150185,7.831124769404681,0.6331099247359964,4.0
346,6.556143187594706,2.136864213426899,14.137428334412453,3.0
347,0.4981334045298965,5.439486579650177,4.218463115856357,2.0
348,0.03670622825527092,5.9555127143206565,5.856345759362506,2.0
349,1.4110336654007067,6.2681525575117325,7.639111333132493,2.0
350,1.4513388494723283,3.7901457802160463,4.655391968196648,2.0
351,2.1554878046969312,2.389164804209457,5.123586994305838,1.0
352,13.219167973866536,2.6322967177277503,11.043954364305712,3.0
353,2.401079077585506,3.114255838279564,5.107469557507957,1.0
354,5.541979950468839,1.6233521415459633,5.988301135422628,3.0
355,-0.22213368518273868,3.812286560769289,5.392078662621038,1.0
356,0.4332776512091916,9.93789361193413,6.26414785229772,4.0
357,1.1614905651194776,2.7791033234022358,4.2709878042793346,1.0
358,0.22264432444846127,0.6698333982874078,5.9430101782138465,1.0
359,-0.9365280606279709,2.737037924539293,4.639062630782474,1.0
360,5.774168211909247,1.135897874557617,7.772931305603833,3.0
361,4.010562918051285,4.77027011840816,2.141036566043907,4.0
362,1.5608877253933313,4.885159700955237,1.766528610888367,4.0
363,0.4151531162167039,5.64392040414005,3.1294949087502255,2.0
364,1.1591783404834404,5.140896556804742,0.5672769317470017,4.0
365,4.858911544267233,-0.10577506253551983,9.62359717978392,3.0
366,0.5420675884338139,5.244497948852271,5.1169424629309095,2.0
367,9.766387216745054,3.0166005782341605,8.301648016050661,3.0
368,8.469427042520659,1.9815009776125632,9.975571424203721,3.0
369,-3.7263968436160297,7.210556158531985,2.6362292627104225,4.0
370,1.5776306885126614,4.592548619654909,5.916648468450219,2.0
371,1.2452652624512135,6.560400783153384,2.081734929592812,4.0
372,-2.137287831942275,7.7273886308728725,-1.6754054913394065,4.0
373,1.691469175017676,1.6393243271113787,3.495163006828768,1.0
374,3.9793779278562407,2.4107775257046917,8.646904911343087,3.0
375,2.55288550058748,7.573168498517939,1.7603821486809785,4.0
376,1.0076117039092995,0.8720637917114749,6.521897509815354,1.0
377,2.0297756151108004,4.4559654097878685,6.816318093986197,2.0
378,8.352260620470773,1.3104723908597864,9.652253587611618,3.0
379,2.3771207686454616,5.042069134440431,5.627438992744336,2.0
380,2.2734714558444207,3.1076499421585098,5.885099085798231,2.0
381,0.669183264668232,5.9464268228442165,5.936670320968548,2.0
382,8.98125233955534,2.997088386419857,16.152123372560887,3.0
383,0.07017789284957487,6.602285051919636,5.248919064353267,2.0
384,3.256484648868916,1.2092210623515876,5.658938828444301,3.0
385,8.718128793766228,7.041199390279379,6.6114523629785715,3.0
386,0.3295360079207771,5.819940296524147,6.564254771666181,2.0
387,-2.4571560385658002,7.611158959162557,7.262028115886912,2.0
388,2.841543753903768,6.808138439850073,-0.6707498445619766,4.0
389,2.029661083101229,0.8126109139706692,5.474896120258732,1.0
390,1.5882267003588393,7.09354143146755,1.3555825762973979,4.0
391,5.323945209016941,1.0685793731947453,7.1163323499503255,3.0
392,-2.503368587235234,4.816883447817987,1.4602527899072362,4.0
393,2.243866209677188,2.6253260666183906,6.427838825726354,2.0
394,2.0218948041892295,4.681387989724916,8.570707221855342,2.0
395,0.417049264485996,9.756373407521629,-3.1242975760060716,4.0
396,9.436439328266328,3.50198492104316,10.885891098775582,3.0
397,-0.9898940679158579,3.618811149412929,4.530526563300128,1.0
398,-0.22631481071210913,3.94537237568007,3.4399102022436687,2.0
399,10.466179458879902,3.2505368538499093,10.841752661584845,3.0
400,1.1529970894438915,7.322440713719272,5.921604349345957,2.0
401,5.648350068994339,1.3907218380595803,3.6827286779742066,3.0
402,0.7771627164308985,2.1500075032838337,3.032827016881631,1.0
403,10.300515056027038,6.0596293663222625,2.955682617775371,4.0
404,-0.1799736249618349,3.2977255058968775,5.871760933607751,1.0
405,0.9471852276970978,3.501927145975759,7.198709935617149,2.0
406,10.50962479930858,2.5866747369492833,9.162985036456075,3.0
407,2.923746259754938,0.19253880814990865,5.711043920142106,3.0
408,9.452670832398706,0.7271303231040558,9.615467333675854,3.0
409,0.18431833740868997,6.493579909661434,8.422763454057854,2.0
410,10.563510882083367,8.664641662224106,0.8740465519374025,4.0
411,1.8779395496305566,3.4670416883061046,7.771978042551466,3.0
412,2.311918590701093,4.437711699800214,7.732178521503107,2.0
413,5.157728588775196,3.6045765064083914,7.374831233631851,2.0
414,7.591302054836092,4.025254130671225,11.59169383766899,3.0
415,0.08933609888464833,3.5607036572139297,6.592852007417698,2.0
416,2.79474390747146,3.751460526555503,5.228913108344557,1.0
417,6.387530218175678,3.925782901443412,10.419283644325947,3.0
418,-1.3624927146774581,-1.2549915671279113,5.598495565200827,1.0
419,-0.2860535616498958,4.527839360139563,1.8440942521018946,4.0
420,-2.2862834893870825,4.000773287294265,3.2099109429156556,1.0
421,2.385627124085084,6.619007183325513,3.9605578259571113,3.0
422,6.970483527915775,0.18642383458260525,12.214650018400507,3.0
423,-1.8846329499336436,5.966672947920871,3.7064004932980845,4.0
424,10.360304029835664,11.08081936695796,1.4446458293445739,4.0
425,3.3595611740993534,3.5991205840287783,1.3578328534651707,1.0
426,5.290657959061768,3.5235033903431887,4.892565610117295,1.0
427,6.887990947390735,6.076053014708058,4.509314326631567,3.0
428,0.9906675612770028,-0.0048897355913912754,12.588403311135156,3.0
429,0.6714787542086179,5.773812468758245,4.3279559402592955,2.0
430,0.5737070955827632,3.7349372878168396,6.235191704036563,2.0
431,0.33105078708527413,13.219729180754271,2.4883510817796104,4.0
432,0.9319932335003562,1.8960977340497005,9.453664851921149,3.0
433,8.58154796299843,2.703157115558591,9.61619738172579,3.0
434,1.524333943621356,1.1177427742283235,5.00996885873895,1.0
435,2.3586064768513446,5.105467617998323,8.592815889203054,2.0
436,3.578244474671171,5.832682939339559,7.749608404849217,3.0
437,-1.6783689588581971,1.3732306144821784,5.333398136797809,1.0
438,1.352225038505661,9.730331415123628,0.7640274350750338,4.0
439,10.011320634301287,4.351704802997517,9.633010333111123,3.0
440,1.8230466144761128,2.5648188917891344,4.266741997237806,1.0
441,-0.5315677640993437,6.375220147850399,2.9884396672622455,4.0
442,2.338137543929725,3.1196757947181233,9.225245843651013,2.0
443,-0.3028074441794133,1.4765345606481999,5.791787713196111,4.0
444,2.1467751673039217,10.859554909143494,3.9559260717852007,4.0
445,1.5232588287882107,6.472691811252753,5.239632836619284,2.0
446,-1.4295674020308327,6.785383195298377,5.517930416155199,4.0
447,6.4356135359726485,5.34530552128358,8.349345870970883,3.0
448,2.5856666397396095,1.9294910726816823,3.393561284361356,1.0
449,6.834353817953767,9.367076917315611,0.8769454705665665,4.0
450,7.270221173022036,8.466301970910386,1.4681397148115491,4.0
451,-3.7480951691061772,8.22565517378415,2.4333515490587456,4.0
452,0.9321047612007074,6.47092285789241,6.784839054641527,2.0
453,8.681483824401631,0.6667262845047475,7.729858413835515,3.0
454,2.4869723207183827,2.7673675356955796,0.106447928609684,4.0
455,9.562729279425778,3.7242137614854105,8.078853847420437,3.0
456,2.8900860278271585,4.846942108108775,4.9658717867373525,2.0
457,0.27172238383039216,4.924072181505533,7.044723138937144,2.0
458,3.113503727459634,4.7886207097837215,13.421655891614966,3.0
459,7.851869366101323,4.505094098587881,8.362544105788036,3.0
460,5.34601120741819,2.2722536873697026,5.999801438414032,3.0
461,5.267687705976278,-1.5743675066826786,14.855801643767938,3.0
462,0.4826078560788578,9.099913214948083,1.887484175843691,4.0
463,6.902036669290667,1.1272071397576156,7.811064323528245,3.0
464,4.153071017049871,5.344838137714632,2.9579155010740217,2.0
465,1.12167390386361,1.366761816714682,6.791651575580728,1.0
466,0.6215545156283437,-0.5283813497525589,5.567650476976232,1.0
467,3.596505247588698,6.658011697179715,5.515078993041979,2.0
468,2.858964361503258,-0.1827510373073169,5.0371540286979775,1.0
469,10.215850257573196,12.002878780378268,1.61178074515799,4.0
470,0.646403051413857,1.1421931990856602,3.5276138556111754,1.0
471,2.4578380697174174,3.0639658078517837,2.4503577145014237,1.0
472,4.265611804569125,2.5201062142327824,5.849035200686639,3.0
473,-1.4928177163728393,7.403976138849926,4.600884824477567,4.0
474,1.7957795852039322,4.277360170667908,5.931302539355518,2.0
475,1.125771187269307,0.5458053551494855,5.5032731564420185,1.0
476,2.5893256394888136,4.825933414701609,5.9014311163427635,1.0
477,-1.9954819384604519,7.454946085580658,3.53707054545659,2.0
478,5.134261576231239,7.853514364295993,2.3004668934130277,4.0
479,2.5461489452738846,-0.28622636078657226,5.7590107087287175,1.0
480,3.9042222534125046,1.360636618326491,1.592297622443764,1.0
481,10.47410928684964,2.5747291619866863,10.197038715891601,3.0
482,-0.6734893060092031,0.632988020805076,5.935112936309823,1.0
483,3.3704136459346152,5.951479713569497,6.590392974417018,3.0
484,14.372339708598936,3.171709479197169,7.395513979014609,3.0
485,2.811793799895045,6.053644038025984,4.629563323275571,2.0
486,1.0075908694327278,0.5890751988872429,6.479362612362246,1.0
487,5.027334602868905,-0.7233682977809801,9.316311266560001,3.0
488,-0.8606423830391825,3.48795827950035,4.356467585816526,1.0
489,2.403513180580572,4.882966252967373,5.927793666319544,2.0
490,9.727714084416137,6.691221284911641,10.692035227570958,3.0
491,-0.17589513751073804,3.783119374457329,6.253842763379665,2.0
492,-1.1213959917716871,1.9742787070170054,9.21126533270084,2.0
493,-1.1125628799538072,4.524140645191831,3.319967422710349,2.0
494,3.4691372175049904,2.5459643450146796,5.077791130714852,2.0
495,0.1676827116140217,3.582236904067691,3.676226415144192,1.0
496,4.2742559333825145,0.38556293384254037,8.19704249433007,3.0
497,5.370041490733166,1.8364560111747055,3.153689614583681,1.0
498,-1.0044600354568947,2.8015097771872437,4.863586125181227,4.0
499,0.3114619229978419,3.2977693987439407,6.013448600062173,1.0
500,1.8908568962009085,3.1160592423680002,5.834887035711509,1.0
501,-1.1582466524938524,6.339882697461115,1.6073521747431683,4.0
502,4.585301898488816,3.7663977890469122,9.377276383949777,3.0
503,1.7825314996137016,4.68234526101513,7.728958434814029,2.0
504,1.2947922138294334,2.9470407268159047,5.594836386463788,1.0
505,-0.48698438014553513,0.3414180014725834,4.888129686885334,1.0
506,8.193628285340555,2.453863701966971,10.592832846820812,3.0
507,1.5811029981625677,3.8881502517283266,5.499851122230974,2.0
508,-1.2962966656087418,6.1049257816710965,6.402135805851298,2.0
509,0.4958637058982811,6.785044708838632,0.12274192162839115,4.0
510,-0.368680310454816,3.7555396269796733,6.670848561145391,2.0
511,5.784734696354526,5.886788638349383,-0.4322625350598184,4.0
512,6.952206883314422,-0.28116980436477146,9.561562372235871,3.0
513,10.5289035505963,6.363868271301951,9.316628561399586,3.0
514,-0.5931030837229538,0.9993043149895808,3.99509282099206,1.0
515,3.822655427482732,2.837506797399255,8.055084555829438,1.0
516,-1.619011402702697,5.873294105987363,8.529306912968973,2.0
517,-1.447721387589969,4.911421852869559,2.2390159926428557,4.0
518,-3.587423207057533,8.965638381619861,4.726091329616149,4.0
519,0.13636166403988403,3.7466105499421682,7.939251043338139,1.0
520,-0.2470416371770241,4.313778926819201,6.171428912387839,2.0
521,6.672012991882095,3.567253154481036,11.138292417977013,3.0
522,6.935445818948749,3.121433056477336,5.48700277804822,3.0
523,5.50300985394983,0.870565799279376,10.038389684330035,3.0
524,7.691350934369083,4.842859611258769,11.301427390372204,3.0
525,10.73652247111104,6.560399666471547,9.438516794796653,3.0
526,1.4189840981260415,5.07484419669636,4.977381924333352,2.0
527,-2.4378441838592884,2.665413994547416,4.842474441683318,1.0
528,3.477968764002576,3.2678485221085802,5.942957170754601,2.0
529,1.2436290642461847,6.342246221675729,4.323816781165503,2.0
530,-0.642153629663277,5.845954917540382,8.576860176636352,2.0
531,2.379037410392474,6.908015960051745,2.0380224529857864,4.0
532,-3.534296772747222,5.999113364176585,4.279250718988907,2.0
533,1.9224616795326277,4.669132667500886,7.1054273187221355,2.0
534,3.633937319165429,8.158709969531134,-1.746313632804093,4.0
535,1.09968293161553,2.231611650160548,7.725768461168393,1.0
536,5.503324449412342,-0.6679421749406913,13.425142072014316,3.0
537,1.5356060671865297,3.3358965997250727,5.328128824890969,1.0
538,-2.907446479715642,-0.8831903490294688,7.762458657390604,1.0
539,-1.7300896109606105,0.4011766322042585,5.490316448750564,1.0
540,1.0137878935285607,5.275462024393665,6.225183141259121,2.0
541,4.676337868808664,6.4644847880806156,6.450113865003954,3.0
542,4.012827521700302,5.707576483153511,3.061454673705833,4.0
543,-1.0124885069042455,3.130321040345856,5.2282948819831,2.0
544,2.8724269692179156,4.214213160197144,4.784663835871377,2.0
545,0.32645024024395597,4.970877650154959,3.8511809398098142,2.0
546,9.88215560832056,3.8016185503359,9.561260221322991,3.0
547,0.4007176031020405,2.876593107324345,5.336585054888605,1.0
548,-0.6497755722828646,2.9469347737915275,5.801471087029686,1.0
549,6.5415758533322395,3.5906293383224317,13.638277674807576,3.0
550,8.646446967973718,4.609432891778545,10.46781334608295,3.0
551,3.810267107671031,10.558807114327251,2.029239061204944,4.0
552,7.751711651256561,-1.299479047868373,7.662994544030948,3.0
553,-1.7828167981075258,4.992063018937676,4.915276588671816,2.0
554,-5.343200130276662,5.1949462845196726,2.5653317928947565,4.0
555,0.3943107541004677,2.7171596439044796,7.615615164510621,1.0
556,-0.38638299484048444,5.648812530775891,4.168991096440098,4.0
557,5.2837316248972,7.5891752543716136,-0.7812647699694497,4.0
558,0.5004968587260112,2.684851398126038,4.297202595173646,1.0
559,5.834684303174893,0.4914894575445219,8.542595174229637,3.0
560,10.045223677603742,6.698147184885128,4.044453180396809,4.0
561,1.8201749994636756,8.383455559028194,3.32143763608752,4.0
562,0.12289711805957548,4.604354413421522,6.42757953378451,1.0
563,4.588731798113914,4.4702286084013485,6.783026536949667,1.0
564,2.8995331371373005,5.80003258815193,6.724712355269019,2.0
565,-1.5225371691424048,6.656146586529003,2.066978709680476,4.0
566,-2.3762803500256586,7.436598350146429,8.05714079608882,2.0
567,6.679927839876848,-0.015806099647002192,12.10179669940009,3.0
568,4.0044323136625275,2.5461005869091626,5.419570394318751,1.0
569,-0.6675291709109912,4.068179510227667,9.941848936533752,1.0
570,-5.879362869093177,8.046837582635769,1.0943705346383061,4.0
571,3.105458577030375,9.542102907134883,1.3119419885973145,4.0
572,6.895994325865241,4.846423054835002,2.8528429712953765,3.0
573,4.2505339368464465,7.69542448200111,1.4278748525097822,4.0
574,0.977924934661839,5.155294119463084,7.996281792718492,2.0
575,0.09864061796924417,5.419743803843975,4.9667760114920805,2.0
576,2.0157082853688397,-0.6528419798103395,4.896395281432263,1.0
577,0.5462747656738302,3.764757010930154,5.305387194163998,2.0
578,4.903115091898066,-2.4037027247699267,5.9973366481157875,1.0
579,-1.4214071064792386,4.924569374097738,7.591220967880101,2.0
580,6.474230687899298,2.323156606032425,3.375471247025521,4.0
581,4.96187300584144,1.851071443881519,10.689237134247314,3.0
582,2.223302546354427,1.891924146040726,3.2781136935764428,1.0
583,8.240872540197644,5.646639858340498,8.985656168836725,3.0
584,1.7696145911021373,2.0295392800691867,6.478937012145182,1.0
585,7.04604244046016,1.9969421189448129,7.529302535075205,3.0
586,0.2708019904913467,4.173619115077959,6.776678306411301,1.0
587,2.1220472653525615,1.8880069091268634,7.284370423107296,1.0
588,0.5155728531076088,2.6679018495535964,4.2671675558919375,1.0
589,-0.7853364388244977,5.222076794433199,5.496141140786768,2.0
590,0.021391155501248704,8.180237763903769,1.1426217833230878,4.0
591,1.9998148938410742,2.371137706420399,4.012662909692584,1.0
592,0.07849125900947529,6.692184756368365,6.00013306664437,2.0
593,3.7900110788411796,8.939261241438306,0.08441907153764294,4.0
594,0.32120318644856793,1.703984476580195,4.598439910097142,1.0
595,7.982062835794065,3.0731545473829094,12.682232470834633,3.0
596,1.2010496244529532,4.107142743685859,4.120961719125534,4.0
597,-0.028545389826881262,4.755319659902164,4.28025164905375,2.0
598,-1.3189305609493478,3.7590065092922447,5.535167864599774,1.0
599,3.5729650961781827,-1.1385326439276988,6.745544742750223,1.0
600,-0.8150570821547594,6.075818823175738,3.1279267122450927,4.0
601,0.7017116407996261,7.690908491347166,6.029439811744223,2.0
602,3.2340740231668987,1.7105994829144353,5.304359549674183,1.0
603,-0.6934354906274405,1.5950320916888723,5.0514300569598864,1.0
604,9.963551559882207,3.807554970583198,11.427938670051041,3.0
605,5.127366894378142,4.550551348122601,10.619843957075492,3.0
606,-0.1364722311972586,6.296742217583585,6.097049618394593,2.0
607,-3.291828402980304,6.071499851636259,2.764869734922382,4.0
608,3.8917195725043463,7.463016959663653,1.1621962600079772,4.0
609,7.892973874963697,3.642792471307029,9.749116157855877,3.0
610,5.097443723482792,1.9498482137110613,5.2301149312907915,3.0
611,-0.3932091610734232,3.867742195076761,6.037403159501341,1.0
612,8.661694636668821,-3.745279149549611,11.425204630753779,3.0
613,3.2789208312692733,8.641642448411359,3.506502339354455,4.0
614,2.939989616062454,10.182358634324482,0.6970225846634415,4.0
615,6.2540166048914685,5.113236735317111,3.7854625924770917,4.0
616,1.8000452004603198,2.710244334227422,5.863025874083524,1.0
617,6.329205439770374,-3.4722265963861574,8.60158415572772,3.0
618,9.39253268663622,6.003320479824497,7.857142332820068,3.0
619,6.869861478856533,2.4755765614978986,7.637881819001377,3.0
620,1.7331506492098687,7.074739805352185,0.7595935959659452,4.0
621,-5.971083118089844,6.321743465259628,1.8679073530012604,4.0
622,8.415067357987368,4.517806665277593,7.063369884844565,3.0
623,9.177637205774177,0.7416877692893666,8.053514520407308,3.0
624,6.357667687140108,5.79399696642689,0.6597460614621955,4.0
625,0.5973634391543005,5.1614346223071355,6.015037644591854,2.0
626,-0.574512878736567,6.324376920925155,3.2709061801431316,2.0
627,-2.467539696214282,-0.6838291012624702,5.815127441190292,1.0
628,-1.8815064790414349,4.991682081480411,5.23640755907434,2.0
629,1.8619593468159081,1.923141573409943,11.862812309387497,3.0
630,-0.6777711190104003,2.4884137844463234,5.373497041769744,2.0
631,1.248416621904781,5.564772757749071,4.940943539408118,2.0
632,-1.3953589834950555,-0.8926244461689778,4.749207977598973,1.0
633,0.9816246689272143,6.800184491794324,6.722375987544808,2.0
634,0.3321505798296982,1.5706628447872688,6.431246160743768,1.0
635,-2.3916051258844058,1.2930530645868452,2.477372291265483,1.0
636,0.22404578998502245,5.202925903972468,6.018687212491299,2.0
637,2.9810010632922626,4.8908951518915185,1.3851584601757319,4.0
638,4.028537773009191,3.9581871213445754,9.780542759989709,3.0
639,3.3044539960948445,8.6290054443097,3.450332183608797,4.0
640,8.440115585885545,7.9535337011045355,9.934325863559616,3.0
641,1.7594554692161566,-0.8688869614213615,1.0070709850392952,1.0
642,0.1083424222768391,1.694420500813219,6.6031947835389735,1.0
643,10.897522221352396,3.92313591370953,8.911040568325635,3.0
644,8.260217197201579,2.6735368975194707,10.411589508122832,3.0
645,2.047482830935866,3.259960234134711,6.130882091499666,1.0
646,2.7393148922999737,2.3553090696960015,3.874408057135456,1.0
647,1.471037826062834,4.791393372756405,3.5428345860992603,1.0
648,0.5843323862994827,2.376265351586137,4.307361534175272,1.0
649,3.201448619508435,1.7618995085368345,5.425539446390719,1.0
650,2.1868551798764777,-0.18794109656401314,0.8433806902196885,4.0
651,3.527620162685015,4.534779570670299,6.475777531784342,2.0
652,2.3957346696886574,4.188024886307389,5.6517828670553465,2.0
653,4.975037857895593,3.704783857033706,0.9804637619256555,4.0
654,1.5614602261865294,0.3594714026014212,7.448791705361577,1.0
655,6.972882145159817,5.44057984806336,6.712915373013507,3.0
656,7.207254055593964,2.5161079049161525,4.8647995604663965,3.0
657,-3.5368654384431135,8.939052160664804,6.63677990950077,2.0
658,-2.6496460557897157,9.250649341580914,3.3072138996855154,4.0
659,-0.02992655806907618,5.719964885202843,6.367775857013086,2.0
660,2.1010578577262535,1.0295864916883883,2.2433153797967913,1.0
661,7.548240543347484,-0.8175118081990642,7.369155234234952,3.0
662,9.57221571174722,2.2840037130147457,6.932929226142736,3.0
663,2.4342004755648494,3.01087960645687,8.023423480324306,2.0
664,3.2546077333568766,3.943657088902617,4.9002055126767665,2.0
665,5.031141266528965,3.4486517000383223,5.074230166641763,3.0
666,0.2936246575536793,1.6219585484990584,6.45809335287737,1.0
667,1.4647027744950054,5.597875845927851,9.040927144429876,2.0
668,2.1607474841322087,3.272788052435298,10.55283195831595,3.0
669,2.2694081752119755,1.6685005219961042,4.477851748922926,1.0
670,1.6760292817525,6.028165295002676,5.57189008465149,2.0
671,2.9083947329130844,0.6683952867944281,3.708341736271231,1.0
672,-0.25359416227002374,2.995480483008154,0.9538632498295605,4.0
673,3.818839037355088,4.525991779042991,7.253702342140157,1.0
674,2.099311011024516,3.8885746755063093,3.937369879397584,2.0
675,0.0068222793340547705,-0.6478484844608978,3.5179360019516497,1.0
676,-2.9850102049710596,0.026843985000965853,4.803147059952132,1.0
677,1.9581732984707692,1.6477799723349982,6.266279575716151,1.0
678,-0.7325211507005049,3.498763945385277,5.5329079867191,1.0
679,9.67764953079581,4.7834101701194465,10.403202323304,3.0
680,0.34637367555923904,3.9892483520821624,4.066749897235132,1.0
681,2.8901162994312344,-0.2764364238970578,7.332380441969527,1.0
682,1.5048813694541634,4.868335427980025,6.121998026963886,2.0
683,-0.4616157550233093,0.8241350325937589,6.870416842064496,1.0
684,-4.782591667450099,9.279881374626973,4.376225007844943,4.0
685,6.984009462285804,7.474723912371328,2.4308403971106736,4.0
686,7.7860872156494745,5.415728909319988,6.466414787375119,3.0
687,0.5290770459026383,5.370652762181793,6.359253906817639,2.0
688,1.9835896694243655,6.719333306725729,4.61996977348402,2.0
689,1.4976881973876632,5.12865500389747,4.63421985780315,2.0
690,8.135229593646995,12.766300072490239,1.1080966481995418,4.0
691,1.5253560410706901,9.416940121052303,2.1986443420925412,4.0
692,1.667471494119225,7.8685953082787865,1.5413648246560148,4.0
693,2.1154614876216025,-0.8648813392892993,4.410682679435057,1.0
694,0.5571841155135762,7.062558243020788,4.446403063243073,4.0
695,1.524263770659016,7.286485311083598,2.3002767417595127,4.0
696,8.05379741446205,6.023637419119469,10.403956193119011,3.0
697,0.42990412584147886,9.429030249838792,-1.1912025610846664,4.0
698,0.2810884643424626,1.2031487614330119,5.18043091403005,1.0
699,-0.9592499315533032,7.2522075639887635,0.3867694503464876,4.0
700,0.8352724615539769,1.4296032257256535,3.27146622662002,1.0
701,1.8949975733797,0.3165129553517936,2.781149493040729,1.0
702,6.426634454026426,6.723937381439337,7.816434740876037,3.0
703,2.848219476607831,4.523568523513192,1.8478964835839125,1.0
704,7.334975145966354,3.9418546830999146,7.242523083624293,3.0
705,-1.4457634935884314,9.496842865667857,2.2099709655254336,4.0
706,2.125365981111885,5.873379669390856,5.317953839260779,2.0
707,-0.6416675853581348,7.060015830119332,1.9860202824312863,4.0
708,0.19570282722991195,4.102662657416018,6.796608064325535,2.0
709,1.2456206831827692,2.077817514844123,6.089736406339734,1.0
710,1.216339502205093,3.6184550272473297,4.124540577989402,1.0
711,-0.10457915264487316,3.8399823552739116,6.846157307972243,2.0
712,1.0028951669261772,-0.718628685688143,4.617091982466555,1.0
713,-1.6625570459535015,1.8706706664079242,3.686194248380425,1.0
714,2.310158145194049,3.358526187598046,6.699830451538905,1.0
715,1.8668893546386933,8.955304144567627,0.7907739916743108,4.0
716,0.22940086524571957,3.9570539837145104,4.67314167303792,1.0
717,-0.20543112068033986,6.389192770179287,1.3001063602037075,4.0
718,-0.6702700748865396,0.6388688567669119,4.762865351562939,1.0
719,-1.6208089552787972,4.84971269172392,6.3796042073486605,2.0
720,0.5108589327397436,2.05298745294952,3.0711392296782747,1.0
721,1.6675065418591146,9.522158959937482,-0.34386601529885974,4.0
722,1.831620661046883,0.20194968403947722,6.177717581726552,1.0
723,2.528098171563429,3.8976722487914355,7.349209653448904,2.0
724,2.974546809134538,5.443690267379608,7.267447201532456,2.0
725,6.692353547473546,3.2959683735555863,4.319742894337161,3.0
726,2.246027019035571,4.555763073358438,5.217571688146019,1.0
727,2.6560447502326063,4.569369870058214,8.466455277880971,2.0
728,-0.7032672533541577,3.66170611173869,5.306931409077495,2.0
729,1.7855630057297802,0.35897483381579054,8.9685187598999,1.0
730,-0.4414529594844989,5.558092539182619,4.784148107037493,2.0
731,-0.2577614386282625,3.5600495567742234,3.6766836202707074,1.0
732,0.3992952620139306,2.218607499709786,4.110448482745042,1.0
733,4.257881564243704,0.6973997219439205,10.42991293574813,3.0
734,0.5154422435560575,4.09953507244233,4.9243199425921125,2.0
735,7.944420931448545,3.013749302299924,11.179776579596016,3.0
736,6.144158712908691,3.7642976402336155,7.597559385807921,3.0
737,2.020663866638392,4.851599017593527,5.685185716370686,1.0
738,5.204937111644371,5.0344407493358005,7.031526033474824,3.0
739,0.17865808180886822,4.213330634685512,6.147378842242252,1.0
740,0.3151808458489932,3.192921047393856,7.224321735858142,2.0
741,2.9011928001005503,7.466242490575759,6.470943178515771,4.0
742,-0.04056563037090166,7.129061692115694,2.4173614175551092,4.0
743,4.134014590230639,3.4803207459236276,6.477229057193679,2.0
744,1.195564669395908,6.501476126467537,8.76808069071921,2.0
745,7.89521265756019,5.498638431233834,7.669570979169201,3.0
746,9.460227637187264,2.8500693798770884,7.8255623806086625,3.0
747,0.9072686156026979,8.865643584529625,2.5885155452835793,4.0
748,1.4680624313667636,7.3409646035776035,6.015360753251843,2.0
749,-0.2883236871006747,1.7681569568231845,5.294883618776528,1.0
750,6.312941073376969,-1.1865855806060983,11.799450504542524,3.0
751,8.812050018657274,1.9557706576644696,12.440158572772015,3.0
752,1.0620081339727134,9.902022193775217,1.1770816009996152,4.0
753,3.423868479178397,3.7630461904165844,4.132943730908904,4.0
754,10.781248207359505,2.9066484736135187,9.360569197022347,3.0
755,2.2246887055731652,7.219546809340909,-0.261321735353647,4.0
756,2.324697680455624,2.978328427819137,5.279112123645022,1.0
757,-1.2963989572711538,6.844420412914491,4.72068491426694,4.0
758,0.6053179177041146,4.079412439060057,1.0854288590359977,4.0
759,-1.4242986447307473,2.7490578498486338,7.7751032818949515,1.0
760,7.176540653542252,2.007393555925846,10.92090639795676,3.0
761,4.025265328974993,4.395944261909366,9.915121840823483,3.0
762,6.145742135346206,6.545227888480858,3.943960386695453,4.0
763,2.58956364737453,3.744521249228015,7.036366720788941,3.0
764,4.581341604571456,3.9613421624838177,3.1148590223682344,4.0
765,1.1754811347816319,4.215887042745981,5.6728838726908855,2.0
766,0.17312678063067777,0.7265990228715831,6.256338870920902,1.0
767,0.31739931300720314,0.40965944139736377,5.547722297013591,1.0
768,1.8766917291284335,5.46008874592782,7.348208951318602,2.0
769,6.013389870872219,2.6874202382402896,8.817244988050557,3.0
770,7.1396851373620445,1.3122699784195977,9.320577397304548,3.0
771,7.466018664250125,2.15141889509883,9.625221403404849,3.0
772,2.1773239685613848,4.922818153976419,5.202761023941943,2.0
773,1.3821567149750937,5.367175159827073,7.931061200932714,2.0
774,8.580394076578582,-0.738261952887139,9.68838183217464,3.0
775,6.166811003535935,2.3912586970595036,6.891221279348046,3.0
776,0.9550503812695773,6.180070691788766,5.444848512522124,2.0
777,-0.25885805253525196,3.121180015118188,6.329292704171419,1.0
778,-0.9588851195869483,6.226060590124471,6.806541228330811,2.0
779,-1.2375798805904554,1.5320700678130441,4.702671797205157,1.0
780,0.3187854824177867,1.5376210566443533,4.100986406092183,1.0
781,1.8545721405234543,5.709152762004323,2.248565074210845,4.0
782,4.0495958703009745,7.5767398379321635,2.7090092543846542,4.0
783,2.412462050384385,6.123547101695868,3.252502349411155,2.0
784,3.151014038911771,1.3118821337812807,2.8490318917457502,1.0
785,0.041561599466844346,8.01723750069985,2.594309141695353,4.0
786,-0.7763446773202103,3.145356894237241,3.684039362229118,1.0
787,10.617479638913352,1.6803165411895185,6.6500348655746855,3.0
788,3.5959643396580847,2.670406192762825,0.46248910685162525,4.0
789,-2.716571613223012,4.774092753750452,3.683249698401488,4.0
790,-0.07774843424142941,5.5703472038249195,4.129373967731447,2.0
791,3.3597885386723605,1.8982723437965008,3.8218707344198246,1.0
792,10.07632594751465,-2.0733694117253068,7.599671926990361,3.0
793,-0.0248094777124106,3.8410627939800506,7.856871629584175,2.0
794,0.39502315664065657,5.102335221481327,5.637194689048353,2.0
795,3.492921537856874,7.146874191209542,0.9923638024019099,4.0
796,1.354336117544091,-0.42319504338220426,8.985712146704888,3.0
797,4.067347153268487,2.6105906696464585,3.6597143237723255,1.0
798,0.5983356079806001,7.500716763361924,3.3344237886643926,4.0
799,4.216348695692766,12.107229328122887,1.2450731991509245,4.0
800,0.9315351109887061,-2.1970324235448393,8.350732753672533,1.0
801,4.108356362100365,6.7752929676843054,4.197354935816392,4.0
802,1.0499588336592964,1.3907686792756428,9.813506718919989,3.0
803,10.353036731452276,2.185919917767002,8.033072693357221,3.0
804,8.38421268244895,3.6247091472374233,9.107103114057876,3.0
805,4.792854649057802,6.707793089352186,2.9398837251592624,4.0
806,4.87247862043563,4.490830935420847,8.155029493472728,3.0
807,9.484139710230023,6.6097103580134835,11.651396878574335,3.0
808,2.6103855953976423,4.306753041000793,1.046226809572301,1.0
809,2.6680046730960782,1.7964142742263858,4.90259188781939,1.0
810,0.5814883788482179,7.266738079681296,1.4943527081403989,4.0
811,8.92855398750402,6.929278043040675,7.901834931482353,3.0
812,-0.8652373077254136,5.3225145481532925,7.025267911665459,2.0
813,1.490364760618708,4.123412052288338,3.339823948947511,4.0
814,2.0341811962905716,1.1662834341169388,2.265486833500365,1.0
815,2.018836289190988,3.79779905450347,3.9612430652493007,1.0
816,0.3103598236449998,2.6722066783555762,8.724809445207754,2.0
817,8.501832639928185,1.627909874886013,12.666176675600482,3.0
818,1.827225446434288,5.515293240989002,5.865539082612069,2.0
819,0.9030357918397651,5.083516001648901,5.038779566993907,2.0
820,8.064688495710076,4.109566274942727,10.52779763063759,3.0
821,-1.4255492899671718,4.294061745211799,7.403255983106625,2.0
822,0.8804514910897661,10.347787408460022,2.7407934175460813,4.0
823,0.9923130922510661,5.5152470205455355,9.164244485936806,2.0
824,2.728149739363708,2.071490884638077,7.001648729887257,1.0
825,0.1778312364638034,1.26606094340086,5.168850234671885,1.0
826,8.936252607675716,2.6785923808276877,10.14624820402673,3.0
827,1.0997949571360242,1.4554892897816734,-4.679329816326636,1.0
828,6.75832939211625,4.122812588403669,8.715351063447935,3.0
829,4.990525664360414,6.839201293521494,1.6131381001898633,4.0
830,-1.8904311693145806,2.8154288500687996,7.584397943184911,2.0
831,-1.5859673817332638,7.469206532899713,1.9483094541170807,4.0
832,-1.0928301504861992,1.7390637435405876,3.8837930921939154,1.0
833,5.490187017530967,6.884068629530187,6.1847376997271155,3.0
834,5.461454190224149,2.275872407902236,3.4759666434830434,3.0
835,6.323253191403424,4.411212015569356,5.651349629189232,3.0
836,6.611433198710408,8.459805369071452,2.719451522311931,4.0
837,-0.8496850679607788,6.723489028844947,1.452927591908242,4.0
838,3.838583767615252,3.6852811323181776,5.864129544245373,2.0
839,3.631590658679536,6.796925499764756,1.6798586617061275,4.0
840,-2.7068293406902217,4.4591056177995725,2.5895120393337416,4.0
841,6.5648270267557125,-0.06212656308427533,10.265455543763023,3.0
842,6.817223106601675,8.901376635034833,2.3457649790673356,4.0
843,5.468018603248158,9.012599622233559,2.3142972463377656,4.0
844,3.343813366760155,4.145098124093116,2.37244981345375,2.0
845,3.7839142578856997,6.166726566507539,4.094625477600411,4.0
846,1.9323556800959825,5.187732212886544,6.448688421124843,2.0
847,7.070702896643132,2.465738758908281,13.102444310167062,3.0
848,0.18525884804444226,2.9643345867472837,5.930858090852009,2.0
849,10.117179222519948,1.3224926272006021,11.533167242363712,3.0
850,9.823950708233031,2.485400084253773,8.75888212241577,3.0
851,-0.39382137274428697,6.194831571967184,7.327305309666764,2.0
852,-0.7340041869558829,9.736052263187538,1.8631443944512849,4.0
853,7.365708661137202,2.6528951209014884,12.199665197926215,3.0
854,3.660808870329762,1.6635440570044135,8.918259029065794,1.0
855,3.137526770075062,2.0520303512454467,4.937617171108084,1.0
856,8.399339165640932,10.32605114147416,-0.7373083111824452,4.0
857,-0.9243703007223443,6.5708394482006245,6.1495887040034365,2.0
858,8.42593873572656,4.875108428437872,10.329217294829217,3.0
859,1.719443579240584,7.694991603736444,1.6448107463123256,4.0
860,2.5354229494930953,4.894560523824793,0.8939186267999455,4.0
861,4.154324611933584,4.85274546866986,9.717467106461749,3.0
862,6.892967889489608,-0.7200704064945613,12.64078086459557,3.0
863,1.665352619682986,2.5960780696688017,4.906881871852869,1.0
864,7.4653120314016235,4.813146654191939,11.983980458978422,3.0
865,3.3466835094686385,2.089242542557459,2.892220868343184,1.0
866,-0.5177257254937384,6.326624074740146,7.211931388491476,2.0
867,4.626768143114672,1.1457004011436278,3.1604367576804866,1.0
868,5.601892374200121,8.791824632425426,2.4409627225720283,4.0
869,5.033943783146498,7.251655511641845,10.002110826036855,3.0
870,0.4337204914272942,3.9426678066728593,8.201401031303169,1.0
871,1.7823352579448115,1.5295144931673228,5.837776387959094,1.0
872,-0.36299833197466413,-1.7075406450421329,3.9713410358800245,1.0
873,9.453476664422581,5.4771124191565805,7.879332461578338,3.0
874,1.988993672960752,3.983584192710866,6.597408260541188,2.0
875,0.10781472751147647,4.855844181248047,4.32569264660155,4.0
876,-0.10629828476669068,2.7400384934260034,4.105590785150282,2.0
877,4.6534139938075105,5.295501618580456,8.23345399024614,3.0
878,0.20910426710908214,2.3243555189495813,5.890035487537638,1.0
879,3.9019670809344245,6.311054564951956,0.74681170036871,4.0
880,0.651331957582421,2.667421820929596,6.003415360982468,1.0
881,0.30167720325667435,9.47716197181962,0.299670592505358,4.0
882,0.4449934008521541,7.601828139436516,4.093382820823969,4.0
883,-3.1639225796228354,1.5394575231255057,3.7994679073613344,1.0
884,-2.4997430549928286,11.494442194902462,4.041244299114627,4.0
885,-0.9445483348403791,7.9032545222684405,2.5522857726040087,2.0
886,1.5519569001261189,6.002824615462346,2.6430525726911327,4.0
887,-1.6595553776671697,9.513886954001414,3.3901048049857834,4.0
888,9.400507625243367,7.874068138131292,2.181361845754086,4.0
889,8.265820277294093,0.6821847203665516,6.7279830363825255,3.0
890,-1.722984779077398,1.3918682814637848,9.12990331367067,1.0
891,2.6934101729526745,5.987579442070016,0.294805752511605,4.0
892,8.5480390710414,9.163722347360462,10.778293814108654,3.0
893,4.181790817321513,2.967329286779421,10.813129982368165,3.0
894,4.378319721981111,5.263240053246604,11.146698791279938,3.0
895,-0.870732099661033,3.7887721626638227,6.55288138059222,2.0
896,-4.759276904076974,4.896881572477042,1.9982765957436899,4.0
897,0.8657471774838594,-0.24848989374990937,9.666270707405245,3.0
898,-0.23612945489042803,2.0401065082395244,5.5198432127932415,1.0
899,-1.2249848489993287,4.7306091224997555,1.986293849892936,1.0
900,-0.3101045524831192,9.262768296850059,4.8154845278403435,4.0
901,-0.29646791923241844,5.6754116838278925,4.895169432735495,2.0
902,6.48367906057058,6.571234927197912,9.066438011217288,3.0
903,-1.6924101317733364,10.405711021539922,-2.7625689943110823,4.0
904,2.1027236199610213,2.8013669829311505,6.322338143717982,1.0
905,1.7365500622470522,6.1533962240068885,4.305172155086732,2.0
906,11.023597214363754,4.041980827509126,6.583713081603838,3.0
907,8.583788439078663,2.6881000004258055,9.67621673516395,3.0
908,1.0790961104232712,2.5548946330842854,6.954485418659864,1.0
909,-0.9426659790533156,5.0541577689220665,7.9019781683984585,2.0
910,0.44324044786185346,4.71419026231338,4.498700381182372,2.0
911,0.22378102685662538,2.905510130759724,5.7765355207693325,1.0
912,6.456987349218283,9.89196949426393,3.4823408997156062,4.0
913,0.5210423297868403,1.0947308399406328,6.709599243306788,1.0
914,1.704982662964964,6.275413881927017,6.7345758424282725,2.0
915,1.4641879570891205,5.582757666189552,8.764035796656026,2.0
916,4.491785250732988,2.193633303255135,2.2622658057572056,4.0
917,-0.10984775448143713,7.262273485266642,5.243822925791262,2.0
918,3.7186875575172675,1.099342734631778,9.061758978328657,3.0
919,1.616816052356758,3.841149077719502,4.966480798938357,1.0
920,2.706951771615314,4.034138025227385,3.4174068009055136,1.0
921,2.483034755803364,4.092553935307452,7.280266711167452,2.0
922,3.8721451422782796,11.607136632549253,3.23684650522822,4.0
923,5.970022241374154,5.886095298941781,6.09017843540996,3.0
924,8.247298684138798,7.849604747771581,4.9387444277423285,4.0
925,2.6482668188783505,0.6981752762640367,4.627338659852936,1.0
926,0.40432031676541424,1.0184983657259048,6.084356907407903,1.0
927,4.2674464942110335,3.7665166228725333,3.43300754294519,1.0
928,-1.8036701451876165,1.2586569782403498,4.695086393738259,1.0
929,4.964767211462102,9.175369576495092,1.8919269482255727,4.0
930,1.711908162346766,3.4260459329439357,6.366882528323756,2.0
931,-0.2643588478331025,8.27873406101239,0.7949747019961853,4.0
932,0.4364545414810109,2.0496142694570185,5.2747693012249535,1.0
933,2.1564552310350065,1.5850256806346428,7.581780637210337,1.0
934,-0.11232464463302372,0.9798758309047491,7.13495055199356,1.0
935,-0.5795289541921405,1.957071903057411,8.452652212022786,2.0
936,7.98817030965531,6.370853954172967,7.075084134677293,3.0
937,0.7682483048547158,4.217614712005963,6.485925694748894,2.0
938,4.985125292732263,6.928309410436518,-1.6769572744404178,4.0
939,4.710896436208417,6.890408132590197,5.244307230149232,2.0
940,5.897604127481292,12.254539760364828,1.4465831206453634,4.0
941,-2.1105554670383855,4.992705300851535,2.028774962129959,4.0
942,12.32553474389221,-1.1198072599065716,10.88170186963866,3.0
943,9.254510094799585,6.675163516972036,1.8859135413331571,4.0
944,5.811122340686979,4.423444425601322,12.848894648627383,3.0
945,-0.969578913907946,7.776941198311624,2.964281990358805,4.0
946,6.243700978114145,2.640926358774511,8.081257254994854,3.0
947,2.47597768301618,7.0226889865791104,1.2769300457458672,4.0
948,5.356924598163572,2.4925595319383023,7.896729980905955,3.0
949,3.8031375358314814,2.745017718314344,4.889038803460742,1.0
950,2.6708058337443097,5.832869785853802,6.864212166892933,1.0
951,-0.025124740014103697,0.8213793085436665,3.8469019255345933,1.0
952,0.5258402270186134,5.549581999113086,6.825307568531856,2.0
953,6.0633057375107295,3.173508881910442,6.927439588793634,3.0
954,7.169796065971991,8.615312223110282,3.813134537030895,4.0
955,5.302861457112055,0.3774465596152501,6.792036988066776,3.0
956,0.9275801520872391,0.02960467892997598,3.10383390595747,1.0
957,1.3777575852778687,5.514057127059944,6.622560556179646,2.0
958,2.7093388205783313,7.332660707836594,6.9323474699915755,2.0
959,0.7315307596175673,5.663702132096193,6.359596238301608,2.0
960,4.089062174227765,-0.663532122441485,10.659476123312988,3.0
961,7.967476601219933,5.2245116341944025,9.079042042810702,3.0
962,6.209028915179351,1.752710846745323,8.367157605929883,3.0
963,-0.5476968764438057,4.440697449366834,3.0294492299188227,4.0
964,0.08152074001650378,3.4647617271608597,7.305680050098383,2.0
965,2.727155824157398,5.129722657078345,2.361165950587156,2.0
966,-0.9298182208323578,5.146090790867739,8.578705681941003,2.0
967,0.6083341128273883,5.6684052829966065,6.714313101985315,2.0
968,6.297964485084751,3.20452879796114,11.483167953991062,3.0
969,3.7446876309730066,3.634054319997058,6.496059738137597,2.0
970,1.1165084655093265,6.875879041855123,4.847356407728702,2.0
971,6.398115228554327,2.437086813676336,1.7007240009260183,4.0
972,0.5175421886539295,8.62665935226299,3.917433871523436,4.0
973,10.0298152837665,3.9737888184595085,9.468233000452386,3.0
974,4.694553964415997,6.1955294066538755,2.7033207930845102,4.0
975,-0.40202442032212105,2.6270596407822087,4.328689665911403,1.0
976,0.4460310389971369,4.798285379671713,4.446176626554009,1.0
977,0.07088444562442986,7.162522796052029,5.652881372295279,2.0
978,1.5320979849231469,7.062610678605388,2.526526807207098,4.0
979,4.02491298577838,5.387969701551828,1.6463665213751923,4.0
980,4.0422541278257125,2.125345194527687,9.005205983070846,3.0
981,1.1935335291998648,5.256394666122457,4.630310968824903,1.0
982,3.0622574871741066,2.881732279281634,6.174747323249347,2.0
983,3.8270271959556426,1.4736752935846318,4.843702097122256,1.0
984,12.415919685564402,2.9886790835046275,9.600226822399623,3.0
985,0.975751881592293,8.534999400250964,1.2160398528763614,4.0
986,1.9038038287415417,5.619420977760098,9.008728584346084,2.0
987,4.829373301002569,0.9776785598875388,7.916063144192641,1.0
988,0.604242458020686,3.415562092349428,3.2591697085463784,2.0
989,-0.3131528994608941,2.9925540726833124,8.7642853081286,2.0
990,4.471697579575952,4.086463882163918,8.774561439193038,3.0
991,5.537330584320284,7.085917887303964,7.858214619842425,3.0
992,11.58069432106042,3.109355778510723,8.059320744720102,3.0
993,1.5783658778642562,2.2903236085346843,6.840188279491532,1.0
994,1.8744444250125465,5.071507284506455,7.7263171314466295,3.0
995,4.387141165062338,-0.13776283468089234,4.9332580710967635,1.0
996,4.898707230368126,8.180908390627579,4.944652536304236,3.0
997,0.32563114360397727,2.035336394240767,5.490224432271884,1.0
998,1.9398843564875474,1.9646260417077466,1.524896323660359,4.0
999,0.16406219047274107,9.901046343891183,-0.2157776184339193,4.0
